Timestamp,Symbol,State,Price,RNAI,Action
1777817068.3282266,0,0,1.100000023841858,0.5,TEST_ACTION: Signal Core Detected
1777817261.4331963,0,0,1.100000023841858,0.5,TEST_ACTION: Signal Core Detected
1777820320.2334673,0,0,1.100000023841858,0.5,TEST_ACTION: Bi-directional Engine Verified
1777822633.9436598,0,0,1.100000023841858,0.5,TEST_ACTION: Bi-directional Engine Verified
1777823048.4361894,0,0,1.100000023841858,0.5,TEST_ACTION: Bi-directional Engine Verified
1777823437.0328443,0,0,1.100000023841858,0.5,TEST_ACTION: Bi-directional Engine Verified
1777823876.9779084,0,1,1.1721099615097046,-1.3655837774276733,FSM_0: Initialized to IDLE
1777823876.9779363,1,1,1.3575700521469116,-1.392813801765442,FSM_1: Initialized to IDLE
1777823876.9779449,2,1,157.08399963378906,-1.539813756942749,FSM_2: Initialized to IDLE
1777823876.9779525,3,1,1.3593699932098389,-1.436713695526123,FSM_3: Initialized to IDLE
1777823876.9779592,4,1,0.720300018787384,-1.3776137828826904,FSM_4: Initialized to IDLE
1777823876.9779654,5,1,0.5896900296211243,-1.4162538051605225,FSM_5: Initialized to IDLE
1777823876.9779718,6,1,0.7819100022315979,-1.4683938026428223,FSM_6: Initialized to IDLE
1777823876.9779775,7,1,184.1439971923828,9.997186660766602,FSM_7: Initialized to IDLE
1777823877.1517506,7,2,184.1439971923828,9.997186660766602,FSM_7: LONG_LOCKED at 184.1439971923828. Moving to ARMED.
1777839201.682236,0,1,1.1721099615097046,-1.3655837774276733,FSM_0: Initialized to IDLE
1777839201.68227,1,1,1.3575700521469116,-1.392813801765442,FSM_1: Initialized to IDLE
1777839201.682282,2,1,157.08399963378906,-1.539813756942749,FSM_2: Initialized to IDLE
1777839201.6822908,3,1,1.3593699932098389,-1.436713695526123,FSM_3: Initialized to IDLE
1777839201.6822994,4,1,0.720300018787384,-1.3776137828826904,FSM_4: Initialized to IDLE
1777839201.6823082,5,1,0.5896900296211243,-1.4162538051605225,FSM_5: Initialized to IDLE
1777839201.6823165,6,1,0.7819100022315979,-1.4683938026428223,FSM_6: Initialized to IDLE
1777839201.682325,7,1,184.1439971923828,9.997186660766602,FSM_7: Initialized to IDLE
1777839201.80166,7,2,184.1439971923828,9.997186660766602,FSM_7: LONG_LOCKED at 184.1439971923828. Moving to ARMED.
1777844795.9395072,0,0,1.100000023841858,0.5,TEST_ACTION: Bi-directional Engine Verified
1777845158.35826,0,1,1.174340009689331,-0.004492499865591526,FSM_0: Initialized to IDLE
1777845158.461061,1,1,1.3604700565338135,-0.004572500009089708,FSM_1: Initialized to IDLE
1777845158.5723782,2,1,156.6959991455078,0.011527500115334988,FSM_2: Initialized to IDLE
1777845158.6606936,3,1,1.3586399555206299,-0.005272500216960907,FSM_3: Initialized to IDLE
1777845158.7549603,4,1,0.7217599749565125,-0.004812499973922968,FSM_4: Initialized to IDLE
1777845158.8432393,5,1,0.5913800001144409,-0.004432499874383211,FSM_5: Initialized to IDLE
1777845158.9356887,6,1,0.7823799848556519,-0.004472500178962946,FSM_6: Initialized to IDLE
1777845159.0272524,7,1,184.05799865722656,0.01652750000357628,FSM_7: Initialized to IDLE
1777845343.2433853,2,2,156.77099609375,1.0073912143707275,FSM_2: LONG_LOCKED at 156.77100. SL: 156.69698
1777845343.4587061,2,1,156.76199340820312,0.9675862789154053,FSM_2: ARMED signal lost. Resetting to IDLE.
1777845347.1237993,2,2,156.75399780273438,1.0098425149917603,FSM_2: LONG_LOCKED at 156.77100. SL: 156.69698
1777845347.2841194,2,1,156.75399780273438,0.9999675154685974,FSM_2: ARMED signal lost. Resetting to IDLE.
1777845347.3876307,2,2,156.75900268554688,1.139967441558838,FSM_2: LONG_LOCKED at 156.77100. SL: 156.69698
1777845348.7428925,7,2,184.1479949951172,1.0222649574279785,FSM_7: LONG_LOCKED at 184.14999. SL: 184.05597
1777845349.1590443,7,1,184.1479949951172,0.9990149736404419,FSM_7: ARMED signal lost. Resetting to IDLE.
1777845350.2043679,7,2,184.13699340820312,1.0126237869262695,FSM_7: LONG_LOCKED at 184.14999. SL: 184.05597
1777845360.4247983,2,0,156.76400756835938,-0.21092499792575836,FSM_2: CANCEL - Aggression decayed (Exhaustion).
1777845360.5500977,2,1,156.76800537109375,0.007825000211596489,FSM_2: Initialized to IDLE
1777845360.7893703,7,0,184.13400268554688,-0.00017499999376013875,FSM_7: CANCEL - Aggression decayed (Exhaustion).
1777845360.9171615,7,1,184.13400268554688,-0.00017499999376013875,FSM_7: Initialized to IDLE
1777845479.910205,7,2,184.0290069580078,-1.1429325342178345,FSM_7: SHORT_LOCKED at 184.02901. SL: 184.15002
1777845480.0643208,7,3,184.02499389648438,-1.3297499418258667,FSM_7: EXECUTE - Box broken with high RNAI.
1777845480.3267903,7,4,184.01400756835938,0.009305000305175781,FSM_7: Position Active. Moving to MANAGE.
1777845514.4548557,0,1,1.173930048942566,-0.034248750656843185,FSM_0: Initialized to IDLE
1777845514.582103,1,1,1.3601200580596924,-0.030528750270605087,FSM_1: Initialized to IDLE
1777845514.6966095,2,1,156.74099731445312,-0.0024087498895823956,FSM_2: Initialized to IDLE
1777845514.8181071,3,1,1.3586599826812744,-0.027488749474287033,FSM_3: Initialized to IDLE
1777845514.9235222,4,1,0.7219899892807007,-0.027368750423192978,FSM_4: Initialized to IDLE
1777845515.0268805,5,1,0.5908300280570984,-0.02713874913752079,FSM_5: Initialized to IDLE
1777845515.1446037,6,1,0.7823799848556519,-0.027408750727772713,FSM_6: Initialized to IDLE
1777845515.2614622,7,1,184.01800537109375,0.17659124732017517,FSM_7: Initialized to IDLE
1777845527.3153586,7,2,184.0570068359375,1.4531662464141846,FSM_7: LONG_LOCKED at 184.13400. SL: 183.99197
1777845545.6241214,7,0,184.06199645996094,0.0002537500113248825,FSM_7: CANCEL - Aggression decayed (Exhaustion).
1777845545.7389333,7,1,184.06500244140625,0.005478749983012676,FSM_7: Initialized to IDLE
1777845649.698346,7,2,184.02200317382812,-1.3679875135421753,FSM_7: SHORT_LOCKED at 183.99200. SL: 184.07803
1777845650.3731954,7,1,184.02999877929688,-0.995169997215271,FSM_7: ARMED signal lost. Resetting to IDLE.
1777845650.4787564,7,2,184.02999877929688,-1.0109437704086304,FSM_7: SHORT_LOCKED at 183.99200. SL: 184.07803
1777845653.7739024,7,1,184.03599548339844,-0.8217200040817261,FSM_7: ARMED signal lost. Resetting to IDLE.
1777845653.8927104,7,2,184.0290069580078,-1.3160699605941772,FSM_7: SHORT_LOCKED at 183.99200. SL: 184.07803
1777845654.6648955,7,0,184.06100463867188,0.9070500135421753,FSM_7: CANCEL - Aggression decayed (Exhaustion).
1777845654.7676594,7,1,184.03900146484375,-0.640556275844574,FSM_7: Initialized to IDLE
1777845654.8701432,7,2,184.0279998779297,-1.455201268196106,FSM_7: SHORT_LOCKED at 183.99200. SL: 184.07803
1777845660.201136,7,0,184.0229949951172,-0.0032625000458210707,FSM_7: CANCEL - Aggression decayed (Exhaustion).
1777845660.3103378,7,1,184.02200317382812,-0.004648750182241201,FSM_7: Initialized to IDLE
1777845665.5643392,7,2,183.9949951171875,-1.0311249494552612,FSM_7: SHORT_LOCKED at 183.99500. SL: 184.07204
1777845666.4138808,7,1,184.0019989013672,-0.7921762466430664,FSM_7: ARMED signal lost. Resetting to IDLE.
1777845666.5144355,7,2,183.99099731445312,-1.2618612051010132,FSM_7: SHORT_LOCKED at 183.99100. SL: 184.07204
1777871749.659966,0,1,1.1728500127792358,-0.4256637394428253,FSM_0: Initialized to IDLE
1777871749.7530103,1,1,1.3587299585342407,-0.4263937473297119,FSM_1: Initialized to IDLE
1777871749.8454244,2,1,156.75399780273438,0.48295626044273376,FSM_2: Initialized to IDLE
1777871749.935358,3,1,1.3589999675750732,-0.4281637370586395,FSM_3: Initialized to IDLE
1777871750.0233326,4,1,0.7207300066947937,-0.42842376232147217,FSM_4: Initialized to IDLE
1777871750.1111865,5,1,0.5917400121688843,-0.4274437427520752,FSM_5: Initialized to IDLE
1777871750.1995063,6,1,0.7809699773788452,-0.4278237521648407,FSM_6: Initialized to IDLE
1777871750.287669,7,1,183.8699951171875,2.080956220626831,FSM_7: Initialized to IDLE
1777871758.6185606,5,2,0.5916900038719177,-1.246262550354004,FSM_5: SHORT_LOCKED at 0.59169. SL: 0.59188
1777871758.694241,7,2,183.89300537109375,5.281677722930908,FSM_7: LONG_LOCKED at 183.89301. SL: 183.80698
1777871759.1633215,7,3,183.89700317382812,5.840823650360107,FSM_7: EXECUTE - Box broken with high RNAI.
1777871759.2930467,7,4,183.89700317382812,5.866509914398193,FSM_7: Position Active. Moving to MANAGE.
1777871759.4972968,5,3,0.5916799902915955,-1.3546112775802612,FSM_5: EXECUTE - Box broken with high RNAI.
1777871759.6113908,5,4,0.5916799902915955,-1.3547213077545166,FSM_5: Position Active. Moving to MANAGE.
1777871759.7783544,2,2,156.7790069580078,2.642643690109253,FSM_2: LONG_LOCKED at 156.77901. SL: 156.69397
1777871759.8888893,4,2,0.7206699848175049,-1.3919049501419067,FSM_4: SHORT_LOCKED at 0.72067. SL: 0.72087
1777871759.994082,2,3,156.77999877929688,2.7564799785614014,FSM_2: EXECUTE - Box broken with high RNAI.
1777871760.1286063,2,4,156.77999877929688,3.640287399291992,FSM_2: Position Active. Moving to MANAGE.
1777871760.2146533,4,1,0.7206599712371826,-0.519712507724762,FSM_4: ARMED signal lost. Resetting to IDLE.
1777871807.4409502,7,5,183.875,-1.5449399948120117,FSM_7: Exit condition met (Absorption Exit). Moving to EXIT.
1777871807.5484605,7,0,183.8719940185547,-1.7863037586212158,FSM_7: Cleanup complete. Returning to NEUTRAL.
1777871807.6629622,7,1,183.8719940185547,-1.7861675024032593,FSM_7: Initialized to IDLE
1777871808.1560879,2,5,156.76300048828125,-1.1479549407958984,FSM_2: Exit condition met (Absorption Exit). Moving to EXIT.
1777871808.2757297,2,0,156.76300048828125,-1.155442476272583,FSM_2: Cleanup complete. Returning to NEUTRAL.
1777871808.3915167,2,1,156.76300048828125,-1.155597448348999,FSM_2: Initialized to IDLE
1777871864.436325,2,2,156.81300354003906,2.953017473220825,FSM_2: LONG_LOCKED at 156.81300. SL: 156.72997
1777871864.521942,7,2,183.92100524902344,4.606017589569092,FSM_7: LONG_LOCKED at 183.92101. SL: 183.83997
1777871864.6511106,4,2,0.7206100225448608,-1.2882399559020996,FSM_4: SHORT_LOCKED at 0.72061. SL: 0.72082
1777871864.8276808,2,3,156.81399536132812,3.291816234588623,FSM_2: EXECUTE - Box broken with high RNAI.
1777871865.0388777,2,4,156.81399536132812,3.338001251220703,FSM_2: Position Active. Moving to MANAGE.
1777871865.347729,7,3,183.92300415039062,4.954042434692383,FSM_7: EXECUTE - Box broken with high RNAI.
1777871865.476144,7,4,183.92300415039062,4.958509922027588,FSM_7: Position Active. Moving to MANAGE.
1777871880.1942365,4,1,0.7206100225448608,-1.8258775472640991,FSM_4: ARMED signal lost. Resetting to IDLE.
1777871937.215128,2,5,156.80299377441406,-1.0657775402069092,FSM_2: Exit condition met (Absorption Exit). Moving to EXIT.
1777871937.3320053,2,0,156.802001953125,-1.1903038024902344,FSM_2: Cleanup complete. Returning to NEUTRAL.
1777871937.4412708,2,1,156.80299377441406,-1.0962624549865723,FSM_2: Initialized to IDLE
1777871938.5585678,7,5,183.90699768066406,-1.3226587772369385,FSM_7: Exit condition met (Absorption Exit). Moving to EXIT.
1777871938.6803362,7,0,183.90699768066406,-1.3340774774551392,FSM_7: Cleanup complete. Returning to NEUTRAL.
1777871938.9791057,7,1,183.90699768066406,-1.3323562145233154,FSM_7: Initialized to IDLE
1777871946.4343867,2,2,156.72500610351562,-2.8186874389648438,FSM_2: SHORT_LOCKED at 156.72501. SL: 156.84503
1777871946.5584702,2,3,156.7209930419922,-2.978278636932373,FSM_2: EXECUTE - Box broken with high RNAI.
1777871946.656937,7,2,183.84300231933594,-2.723278760910034,FSM_7: SHORT_LOCKED at 183.84100. SL: 183.94603
1777871946.786793,0,2,1.1729199886322021,1.1391912698745728,FSM_0: LONG_LOCKED at 1.17296. SL: 1.17261
1777871946.8823164,1,2,1.3589400053024292,1.1428512334823608,FSM_1: LONG_LOCKED at 1.35897. SL: 1.35851
1777871946.9882326,2,4,156.71499633789062,-3.4299888610839844,FSM_2: Position Active. Moving to MANAGE.
1777871947.092398,5,5,0.5918400287628174,1.137331247329712,FSM_5: Exit condition met (Absorption Exit). Moving to EXIT.
1777871947.213653,7,3,183.83299255371094,-3.388988733291626,FSM_7: EXECUTE - Box broken with high RNAI.
1777871947.3602312,4,2,0.7208300232887268,1.7221688032150269,FSM_4: LONG_LOCKED at 0.72087. SL: 0.72052
1777871947.4496582,5,0,0.5918499827384949,1.721408724784851,FSM_5: Cleanup complete. Returning to NEUTRAL.
1777871947.55711,7,4,183.81900024414062,-4.629831314086914,FSM_7: Position Active. Moving to MANAGE.
1777871947.7009761,0,3,1.1729700565338135,2.284576177597046,FSM_0: EXECUTE - Box broken with high RNAI.
1777871947.8004725,1,3,1.3590099811553955,2.291616201400757,FSM_1: EXECUTE - Box broken with high RNAI.
1777871947.9160402,5,1,0.5918700098991394,2.2812962532043457,FSM_5: Initialized to IDLE
1777871948.049181,0,4,1.1729400157928467,2.8555076122283936,FSM_0: Position Active. Moving to MANAGE.
1777871948.1405866,1,4,1.358970046043396,2.8621175289154053,FSM_1: Position Active. Moving to MANAGE.
1777871948.261409,5,2,0.5918499827384949,2.853057384490967,FSM_5: LONG_LOCKED at 0.59187. SL: 0.59157
1777871948.818813,4,1,0.7207499742507935,3.245529890060425,FSM_4: ARMED signal lost. Resetting to IDLE.
1777871949.6979172,5,1,0.591759979724884,1.2577500343322754,FSM_5: ARMED signal lost. Resetting to IDLE.
1777871949.8080428,5,2,0.5917800068855286,1.239048719406128,FSM_5: LONG_LOCKED at 0.59187. SL: 0.59157
1777871950.462722,5,1,0.5917900204658508,0.9828912615776062,FSM_5: ARMED signal lost. Resetting to IDLE.
1777871950.9516852,5,2,0.5917900204658508,1.0073362588882446,FSM_5: LONG_LOCKED at 0.59187. SL: 0.59157
1777871951.1958015,4,2,0.720770001411438,1.4366899728775024,FSM_4: LONG_LOCKED at 0.72087. SL: 0.72052
1777871951.588781,4,1,0.7207599878311157,1.549322485923767,FSM_4: ARMED signal lost. Resetting to IDLE.
1777871955.0422695,5,1,0.591759979724884,1.274554967880249,FSM_5: ARMED signal lost. Resetting to IDLE.
1777871955.222205,5,2,0.5917699933052063,1.231408715248108,FSM_5: LONG_LOCKED at 0.59187. SL: 0.59157
1777871955.3856058,5,1,0.591759979724884,1.3051525354385376,FSM_5: ARMED signal lost. Resetting to IDLE.
1777871955.935925,5,2,0.5917699933052063,1.4605250358581543,FSM_5: LONG_LOCKED at 0.59187. SL: 0.59157
1777871960.629733,4,2,0.7207900285720825,4.4129486083984375,FSM_4: LONG_LOCKED at 0.72087. SL: 0.72052
1777871968.1090977,5,3,0.5918999910354614,9.020536422729492,FSM_5: EXECUTE - Box broken with high RNAI.
1777871968.2331035,5,4,0.5918999910354614,9.154850959777832,FSM_5: Position Active. Moving to MANAGE.
1777871973.9368124,4,3,0.7208799719810486,7.980571269989014,FSM_4: EXECUTE - Box broken with high RNAI.
1777871974.0843897,4,4,0.7209399938583374,9.112565040588379,FSM_4: Position Active. Moving to MANAGE.
1777872006.301147,2,5,156.7480010986328,1.0608062744140625,FSM_2: Exit condition met (Absorption Exit). Moving to EXIT.
1777872006.4292996,2,0,156.7469940185547,1.0319750308990479,FSM_2: Cleanup complete. Returning to NEUTRAL.
1777872006.5433774,2,1,156.7469940185547,1.0319950580596924,FSM_2: Initialized to IDLE
1777872010.3144453,7,5,183.89100646972656,1.3474762439727783,FSM_7: Exit condition met (Absorption Exit). Moving to EXIT.
1777872010.447524,7,0,183.88699340820312,1.1921837329864502,FSM_7: Cleanup complete. Returning to NEUTRAL.
1777872010.5599382,7,1,183.88699340820312,1.1921312808990479,FSM_7: Initialized to IDLE
1777872019.1584575,0,5,1.173009991645813,-1.167333722114563,FSM_0: Exit condition met (Absorption Exit). Moving to EXIT.
1777872019.2630355,1,5,1.3590400218963623,-1.168793797492981,FSM_1: Exit condition met (Absorption Exit). Moving to EXIT.
1777872019.3702557,4,5,0.7206799983978271,-1.1717337369918823,FSM_4: Exit condition met (Absorption Exit). Moving to EXIT.
1777872019.477985,5,5,0.5917699933052063,-1.17008376121521,FSM_5: Exit condition met (Absorption Exit). Moving to EXIT.
1777872019.609674,0,0,1.1730200052261353,-1.1606388092041016,FSM_0: Cleanup complete. Returning to NEUTRAL.
1777872019.7019687,1,0,1.35903000831604,-1.1637988090515137,FSM_1: Cleanup complete. Returning to NEUTRAL.
1777872019.8047698,4,0,0.7206900119781494,-1.165698766708374,FSM_4: Cleanup complete. Returning to NEUTRAL.
1777872019.911553,5,0,0.5917699933052063,-1.1640287637710571,FSM_5: Cleanup complete. Returning to NEUTRAL.
1777872020.0550091,0,1,1.1730200052261353,-1.226523756980896,FSM_0: Initialized to IDLE
1777872020.1704202,1,1,1.35903000831604,-1.2297337055206299,FSM_1: Initialized to IDLE
1777872020.2793047,4,1,0.7206900119781494,-1.2317837476730347,FSM_4: Initialized to IDLE
1777872020.4120026,5,1,0.5917900204658508,-1.229143738746643,FSM_5: Initialized to IDLE
1777872020.604561,5,2,0.5917800068855286,-1.1573961973190308,FSM_5: SHORT_LOCKED at 0.59160. SL: 0.59210
1777872030.4233496,5,1,0.5917999744415283,-0.9655012488365173,FSM_5: ARMED signal lost. Resetting to IDLE.
1777872030.77584,5,2,0.5918200016021729,-1.0168299674987793,FSM_5: SHORT_LOCKED at 0.59160. SL: 0.59210
1777872031.0130615,5,1,0.5918200016021729,-0.9581699967384338,FSM_5: ARMED signal lost. Resetting to IDLE.
1777872031.4256918,5,2,0.5918099880218506,-1.0490000247955322,FSM_5: SHORT_LOCKED at 0.59160. SL: 0.59210
1777872036.1374216,4,2,0.7206699848175049,-2.199507474899292,FSM_4: SHORT_LOCKED at 0.72055. SL: 0.72105
1777872043.7256012,4,1,0.7206900119781494,-0.9835837483406067,FSM_4: ARMED signal lost. Resetting to IDLE.
1777872043.8167126,5,1,0.5917500257492065,-0.984163761138916,FSM_5: ARMED signal lost. Resetting to IDLE.
1777872045.008261,4,2,0.7206799983978271,-1.019858717918396,FSM_4: SHORT_LOCKED at 0.72055. SL: 0.72105
1777872045.104705,5,2,0.5917400121688843,-1.021338701248169,FSM_5: SHORT_LOCKED at 0.59160. SL: 0.59210
1777872060.1132042,4,1,0.7207199931144714,-2.4560413360595703,FSM_4: ARMED signal lost. Resetting to IDLE.
1777872060.2322094,5,0,0.5917500257492065,-0.015051250346004963,FSM_5: CANCEL - Aggression decayed (Exhaustion).
1777872060.3637857,5,1,0.5917500257492065,-0.01511124987155199,FSM_5: Initialized to IDLE
1777872088.7306743,0,1,1.173069953918457,0.39552998542785645,FSM_0: Initialized to IDLE
1777872088.820506,1,1,1.359089970588684,0.3979699909687042,FSM_1: Initialized to IDLE
1777872088.9126945,2,1,156.73699951171875,-1.2437299489974976,FSM_2: Initialized to IDLE
1777872089.0014653,3,1,1.3590799570083618,0.3932900130748749,FSM_3: Initialized to IDLE
1777872089.1037004,4,1,0.7206900119781494,0.3925600051879883,FSM_4: Initialized to IDLE
1777872089.2103703,5,1,0.5917500257492065,0.39427000284194946,FSM_5: Initialized to IDLE
1777872089.3268566,6,1,0.7808200120925903,0.3938399851322174,FSM_6: Initialized to IDLE
1777872089.415217,7,1,183.88299560546875,-1.123729944229126,FSM_7: Initialized to IDLE
1777872174.4962878,1,2,1.3589199781417847,-1.2992087602615356,FSM_1: SHORT_LOCKED at 1.35892. SL: 1.35917
1777872179.4650297,1,1,1.358989953994751,-0.9991275072097778,FSM_1: ARMED signal lost. Resetting to IDLE.
1777872179.5893066,1,2,1.3589799404144287,-1.0821499824523926,FSM_1: SHORT_LOCKED at 1.35892. SL: 1.35917
1777872180.1370597,1,1,1.358989953994751,-1.0898849964141846,FSM_1: ARMED signal lost. Resetting to IDLE.
1777873094.405109,2,2,156.76800537109375,-1.9811375141143799,FSM_2: SHORT_LOCKED at 156.76801. SL: 156.86403
1777873656.21242,0,0,1.100000023841858,0.5,TEST_ACTION: Bi-directional Engine Verified
1777873712.7551715,0,1,1.1729199886322021,0.12589499354362488,FSM_0: Initialized to IDLE
1777873712.882939,1,1,1.35903000831604,0.12606500089168549,FSM_1: Initialized to IDLE
1777873713.1936338,2,1,156.78799438476562,-0.40993499755859375,FSM_2: Initialized to IDLE
1777873713.3520074,3,1,1.3589600324630737,0.12606500089168549,FSM_3: Initialized to IDLE
1777873713.4793777,4,1,0.7205700278282166,0.12606500089168549,FSM_4: Initialized to IDLE
1777873713.5912647,5,1,0.5917800068855286,0.12648500502109528,FSM_5: Initialized to IDLE
1777873713.6929824,6,1,0.7808600068092346,0.12629500031471252,FSM_6: Initialized to IDLE
1777873713.7921693,7,1,183.91600036621094,-0.3469350039958954,FSM_7: Initialized to IDLE
1777874043.7163656,2,2,156.71200561523438,-1.4998724460601807,FSM_2: SHORT_LOCKED at 156.71201. SL: 156.79703
1777875466.0271442,0,0,1.100000023841858,0.5,TEST_ACTION: Bi-directional Engine Verified
1777877275.234268,0,0,1.100000023841858,0.5,TEST_ACTION: Bi-directional Engine Verified
1777878815.0494363,0,0,1.100000023841858,0.5,TEST_ACTION: Bi-directional Engine Verified
1777878940.1754153,0,0,1.100000023841858,0.5,TEST_ACTION: Bi-directional Engine Verified
1777878952.7320166,0,0,1.100000023841858,0.5,TEST_ACTION: Bi-directional Engine Verified
1777879018.6781743,0,0,1.100000023841858,0.5,TEST_ACTION: Bi-directional Engine Verified
1777879069.9075403,0,0,1.100000023841858,0.5,TEST_ACTION: Bi-directional Engine Verified
1777879085.4494116,0,0,1.100000023841858,0.5,TEST_ACTION: Bi-directional Engine Verified
1777879122.4701273,0,0,1.100000023841858,0.5,TEST_ACTION: Bi-directional Engine Verified
1777879176.2987094,0,0,1.100000023841858,0.5,TEST_ACTION: Bi-directional Engine Verified
1777879343.0639803,0,0,1.100000023841858,0.5,TEST_ACTION: Bi-directional Engine Verified
1777879673.4935079,0,0,1.100000023841858,0.5,TEST_ACTION: Bi-directional Engine Verified
1777879708.886228,0,1,1.1723899841308594,-0.026087500154972076,FSM_0: Initialized to IDLE
1777879709.0036056,1,1,1.3571799993515015,-0.03425750136375427,FSM_1: Initialized to IDLE
1777879709.1053965,2,1,156.89700317382812,0.06354250013828278,FSM_2: Initialized to IDLE
1777879709.247143,3,1,1.3602900505065918,-0.026157500222325325,FSM_3: Initialized to IDLE
1777879709.3465266,4,1,0.7193199992179871,-0.027307499200105667,FSM_4: Initialized to IDLE
1777879709.4474547,5,1,0.590179979801178,-0.027217499911785126,FSM_5: Initialized to IDLE
1777879709.547548,6,1,0.7821599841117859,-0.02505750022828579,FSM_6: Initialized to IDLE
1777879709.650876,7,1,183.95799255371094,0.10254249721765518,FSM_7: Initialized to IDLE
1777880893.8090532,0,0,1.100000023841858,0.5,TEST_ACTION: Bi-directional Engine Verified
1777882702.8971453,0,0,1.100000023841858,0.5,TEST_ACTION: Bi-directional Engine Verified
1777884512.6738498,0,0,1.100000023841858,0.5,TEST_ACTION: Bi-directional Engine Verified
1777886323.0694733,0,0,1.100000023841858,0.5,TEST_ACTION: Bi-directional Engine Verified
1778238547.4858437,0,0,1.100000023841858,0.5,TEST_ACTION: Bi-directional Engine Verified
1778239346.4804134,0,0,1.100000023841858,0.5,TEST_ACTION: Bi-directional Engine Verified
1778239427.0613482,0,1,1.176650047302246,-0.004393749870359898,FSM_0: Initialized to IDLE
1778239427.1876483,1,1,1.3606599569320679,-0.0037537498865276575,FSM_1: Initialized to IDLE
1778239427.3118362,2,1,156.77000427246094,-0.5285937786102295,FSM_2: Initialized to IDLE
1778239427.4330835,3,1,1.3648200035095215,-0.01363375037908554,FSM_3: Initialized to IDLE
1778239427.5535405,4,1,0.7235599756240845,-0.009393749758601189,FSM_4: Initialized to IDLE
1778239427.673731,5,1,0.5962299704551697,-0.007493750192224979,FSM_5: Initialized to IDLE
1778239427.7922578,6,1,0.7785000205039978,-0.009143750183284283,FSM_6: Initialized to IDLE
1778239427.9178598,7,1,184.46200561523438,0.5764062404632568,FSM_7: Initialized to IDLE
1778239857.4175925,7,2,184.49600219726562,2.17394757270813,FSM_7: LONG_LOCKED at 184.49600. SL: 184.46597
1778239860.2582443,7,0,184.4949951171875,-0.05483999848365784,FSM_7: CANCEL - Aggression decayed (Exhaustion).
1778239860.3844316,7,1,184.4949951171875,-0.05475874990224838,FSM_7: Initialized to IDLE
1778239979.4938798,7,2,184.46600341796875,-1.8050450086593628,FSM_7: SHORT_LOCKED at 184.46600. SL: 184.49603
1778239979.855137,7,1,184.47300720214844,-1.3059674501419067,FSM_7: ARMED signal lost. Resetting to IDLE.
1778240357.5264425,0,0,1.100000023841858,0.5,TEST_ACTION: Bi-directional Engine Verified
1778240993.8183131,7,2,184.4600067138672,2.7203500270843506,FSM_7: LONG_LOCKED at 184.46001. SL: 184.42697
1778240994.336693,7,3,184.46099853515625,2.8970999717712402,FSM_7: EXECUTE - Box broken with high RNAI.
1778240994.5418048,7,4,184.4600067138672,2.750114917755127,FSM_7: Position Active. Moving to MANAGE.
1778241157.81867,2,2,156.7760009765625,1.6229262351989746,FSM_2: LONG_LOCKED at 156.77600. SL: 156.75497
1778241157.94099,0,0,1.100000023841858,0.5,TEST_ACTION: Bi-directional Engine Verified
1778241163.713744,2,3,156.77699279785156,1.8233011960983276,FSM_2: EXECUTE - Box broken with high RNAI.
1778241163.8656926,2,4,156.77699279785156,1.8230074644088745,FSM_2: Position Active. Moving to MANAGE.
1778241240.3921695,7,5,184.45799255371094,-1.063502550125122,FSM_7: Exit condition met (Absorption Exit). Moving to EXIT.
1778241240.52496,7,0,184.45799255371094,0.0001475000026402995,FSM_7: Cleanup complete. Returning to NEUTRAL.
1778241240.649619,7,1,184.45899963378906,0.0018912500236183405,FSM_7: Initialized to IDLE
1778241306.067386,2,5,156.75399780273438,-0.011532500386238098,FSM_2: Exit condition met (SL Hit). Moving to EXIT.
1778241306.2058036,2,0,156.7530059814453,-0.022402500733733177,FSM_2: Cleanup complete. Returning to NEUTRAL.
1778241306.3486028,2,1,156.7519989013672,-0.034088749438524246,FSM_2: Initialized to IDLE
1778241390.4546,2,2,156.72999572753906,-1.0325812101364136,FSM_2: SHORT_LOCKED at 156.72800. SL: 156.76703
1778241390.6149538,2,1,156.73300170898438,-0.8607475161552429,FSM_2: ARMED signal lost. Resetting to IDLE.
1778241391.0643358,2,2,156.7310028076172,-1.0086225271224976,FSM_2: SHORT_LOCKED at 156.72800. SL: 156.76703
1778241391.2149212,2,1,156.73199462890625,-0.9856225252151489,FSM_2: ARMED signal lost. Resetting to IDLE.
1778241391.993792,2,2,156.7310028076172,-1.093092441558838,FSM_2: SHORT_LOCKED at 156.72800. SL: 156.76703
1778241392.1290188,2,1,156.73300170898438,-0.9551412463188171,FSM_2: ARMED signal lost. Resetting to IDLE.
1778241392.6214068,2,2,156.7310028076172,-1.0883337259292603,FSM_2: SHORT_LOCKED at 156.72800. SL: 156.76703
1778241395.0359333,2,1,156.73699951171875,-0.8071374893188477,FSM_2: ARMED signal lost. Resetting to IDLE.
1778241395.303086,2,2,156.73500061035156,-1.0287024974822998,FSM_2: SHORT_LOCKED at 156.72800. SL: 156.76703
1778241395.455621,2,1,156.73599243164062,-0.9419574737548828,FSM_2: ARMED signal lost. Resetting to IDLE.
1778242181.9033825,0,0,1.100000023841858,0.5,TEST_ACTION: Bi-directional Engine Verified
1778242968.8521895,0,0,1.100000023841858,0.5,TEST_ACTION: Bi-directional Engine Verified
1778243994.0429106,0,0,1.100000023841858,0.5,TEST_ACTION: Bi-directional Engine Verified
1778501197.4681165,0,1,1.1766400337219238,-0.06553874909877777,FSM_0: Initialized to IDLE
1778501197.641596,1,1,1.3601800203323364,-0.06733874976634979,FSM_1: Initialized to IDLE
1778501197.7961483,2,1,157.13299560546875,0.21046124398708344,FSM_2: Initialized to IDLE
1778501198.0661414,3,1,1.366819977760315,-0.0658087506890297,FSM_3: Initialized to IDLE
1778501198.230363,4,1,0.724049985408783,-0.06685875356197357,FSM_4: Initialized to IDLE
1778501198.3883898,5,1,0.5946199893951416,-0.06583874672651291,FSM_5: Initialized to IDLE
1778501198.5509083,6,1,0.7787799835205078,-0.06553874909877777,FSM_6: Initialized to IDLE
1778501198.735788,7,1,184.88800048828125,0.18646125495433807,FSM_7: Initialized to IDLE
1778501655.831852,0,1,1.1767799854278564,-0.001047499943524599,FSM_0: Initialized to IDLE
1778501655.9930258,1,1,1.3605300188064575,-0.0018474999815225601,FSM_1: Initialized to IDLE
1778501656.1472182,2,1,157.12100219726562,0.007952500134706497,FSM_2: Initialized to IDLE
1778501656.30629,3,1,1.366629958152771,-0.0009674999746493995,FSM_3: Initialized to IDLE
1778501656.4707427,4,1,0.7241399884223938,-0.001047499943524599,FSM_4: Initialized to IDLE
1778501656.6220827,5,1,0.5947399735450745,-0.001047499943524599,FSM_5: Initialized to IDLE
1778501656.7858765,6,1,0.7786800265312195,-0.0009474999969825149,FSM_6: Initialized to IDLE
1778501656.9487584,7,1,184.89599609375,-0.001047499943524599,FSM_7: Initialized to IDLE
1778503480.1258752,0,1,1.1772799491882324,0.03438499942421913,FSM_0: Initialized to IDLE
1778503480.2982504,1,1,1.3610999584197998,0.03591499850153923,FSM_1: Initialized to IDLE
1778503480.4620137,2,1,157.08799743652344,-0.14588500559329987,FSM_2: Initialized to IDLE
1778503480.6270044,3,1,1.3671900033950806,0.036194998770952225,FSM_3: Initialized to IDLE
1778503480.8021264,4,1,0.7242699861526489,0.033034998923540115,FSM_4: Initialized to IDLE
1778503480.9657857,5,1,0.5950700044631958,0.03276500105857849,FSM_5: Initialized to IDLE
1778503481.130252,6,1,0.7783399820327759,0.03347500041127205,FSM_6: Initialized to IDLE
1778503481.3069453,7,1,184.94000244140625,-0.05988499894738197,FSM_7: Initialized to IDLE
1778503669.5999165,2,2,157.11700439453125,1.7069549560546875,FSM_2: LONG_LOCKED at 157.11700. SL: 157.08397
1778503670.6366355,2,3,157.1179962158203,1.9462674856185913,FSM_2: EXECUTE - Box broken with high RNAI.
1778503670.9875953,2,4,157.10800170898438,1.4694862365722656,FSM_2: Position Active. Moving to MANAGE.
1778503679.2581558,7,2,184.9029998779297,-3.540968656539917,FSM_7: SHORT_LOCKED at 184.90300. SL: 184.94504
1778503680.0229065,7,3,184.89999389648438,-3.9087886810302734,FSM_7: EXECUTE - Box broken with high RNAI.
1778503680.2438903,7,4,184.8990020751953,-4.091475009918213,FSM_7: Position Active. Moving to MANAGE.
1778503716.9985478,2,5,157.0959930419922,-1.0153474807739258,FSM_2: Exit condition met (Absorption Exit). Moving to EXIT.
1778503717.139599,2,0,157.0959930419922,-1.0153075456619263,FSM_2: Cleanup complete. Returning to NEUTRAL.
1778503717.3065314,2,1,157.0959930419922,-1.0153075456619263,FSM_2: Initialized to IDLE
1778503723.0170126,7,5,184.91200256347656,1.0464849472045898,FSM_7: Exit condition met (Absorption Exit). Moving to EXIT.
1778503723.2146742,7,0,184.91299438476562,1.1440099477767944,FSM_7: Cleanup complete. Returning to NEUTRAL.
1778503723.4395587,7,1,184.91299438476562,1.1436899900436401,FSM_7: Initialized to IDLE
1778503797.5436735,7,2,184.9459991455078,2.415332555770874,FSM_7: LONG_LOCKED at 184.94600. SL: 184.89297
1778503798.2299445,7,3,184.94700622558594,2.524338722229004,FSM_7: EXECUTE - Box broken with high RNAI.
1778503798.4193287,7,4,184.947998046875,2.6351661682128906,FSM_7: Position Active. Moving to MANAGE.
1778503967.4525669,7,5,184.92100524902344,-1.1524800062179565,FSM_7: Exit condition met (Absorption Exit). Moving to EXIT.
1778503967.5795653,7,0,184.92100524902344,-1.152340054512024,FSM_7: Cleanup complete. Returning to NEUTRAL.
1778503967.749613,7,1,184.92100524902344,-1.1523925065994263,FSM_7: Initialized to IDLE
1778504159.432273,7,2,184.94000244140625,2.1643362045288086,FSM_7: LONG_LOCKED at 184.94000. SL: 184.89996
1778504160.4303498,7,0,184.94000244140625,0.0,FSM_7: CANCEL - Aggression decayed (Exhaustion).
1778504160.5911045,7,1,184.94000244140625,0.0,FSM_7: Initialized to IDLE
1778504183.5397792,7,2,184.97000122070312,1.0716949701309204,FSM_7: LONG_LOCKED at 184.97000. SL: 184.89996
1778504184.0955656,7,1,184.9669952392578,0.9902474880218506,FSM_7: ARMED signal lost. Resetting to IDLE.
1778504185.3465602,7,2,184.96800231933594,1.0513637065887451,FSM_7: LONG_LOCKED at 184.97000. SL: 184.89996
1778504188.494515,7,3,184.9720001220703,1.3132137060165405,FSM_7: EXECUTE - Box broken with high RNAI.
1778504188.6782575,7,4,184.97300720214844,1.3800913095474243,FSM_7: Position Active. Moving to MANAGE.
1778504518.0639231,7,5,185.01499938964844,-1.0283499956130981,FSM_7: Exit condition met (Absorption Exit). Moving to EXIT.
1778504518.211664,7,0,185.01499938964844,-1.020643711090088,FSM_7: Cleanup complete. Returning to NEUTRAL.
1778504518.3676121,7,1,185.01499938964844,-1.020643711090088,FSM_7: Initialized to IDLE
1778504621.916718,2,2,157.08799743652344,-1.1509162187576294,FSM_2: SHORT_LOCKED at 157.08501. SL: 157.12804
1778504624.625181,2,3,157.08399963378906,-1.4657800197601318,FSM_2: EXECUTE - Box broken with high RNAI.
1778504624.8354816,2,4,157.0850067138672,-1.4296250343322754,FSM_2: Position Active. Moving to MANAGE.
1778504969.0854852,7,2,185.10400390625,1.401402473449707,FSM_7: LONG_LOCKED at 185.10400. SL: 185.02097
1778504973.2517433,7,3,185.10699462890625,1.7270900011062622,FSM_7: EXECUTE - Box broken with high RNAI.
1778504973.436198,7,4,185.10800170898438,1.803223729133606,FSM_7: Position Active. Moving to MANAGE.
1778505102.8446612,7,5,185.07699584960938,-1.0659162998199463,FSM_7: Exit condition met (Absorption Exit). Moving to EXIT.
1778505102.995482,7,0,185.07699584960938,-1.107761263847351,FSM_7: Cleanup complete. Returning to NEUTRAL.
1778505103.1714323,7,1,185.0760040283203,-1.1778249740600586,FSM_7: Initialized to IDLE
1778505157.8924348,7,2,185.1230010986328,2.1442224979400635,FSM_7: LONG_LOCKED at 185.12300. SL: 185.07297
1778505159.5883904,7,3,185.12399291992188,2.2971086502075195,FSM_7: EXECUTE - Box broken with high RNAI.
1778505159.7765648,7,4,185.12399291992188,2.297046184539795,FSM_7: Position Active. Moving to MANAGE.
1778505224.170525,7,5,185.09300231933594,-1.0098249912261963,FSM_7: Exit condition met (Absorption Exit). Moving to EXIT.
1778505224.3116252,7,0,185.093994140625,-0.9939224720001221,FSM_7: Cleanup complete. Returning to NEUTRAL.
1778505224.492011,7,1,185.093994140625,-0.9938700199127197,FSM_7: Initialized to IDLE
1778506244.2528496,2,5,157.07000732421875,1.0931174755096436,FSM_2: Exit condition met (Absorption Exit). Moving to EXIT.
1778506244.3988676,2,0,157.06900024414062,1.0995312929153442,FSM_2: Cleanup complete. Returning to NEUTRAL.
1778506244.5899172,2,1,157.06900024414062,1.1101875305175781,FSM_2: Initialized to IDLE
1778506244.7654326,2,2,157.06900024414062,1.0896224975585938,FSM_2: LONG_LOCKED at 157.07001. SL: 157.04297
1778506260.289672,2,0,157.06900024414062,0.0013475000159814954,FSM_2: CANCEL - Aggression decayed (Exhaustion).
1778506260.4379141,2,1,157.06900024414062,0.0,FSM_2: Initialized to IDLE
1778506914.020846,7,2,185.06500244140625,1.46356999874115,FSM_7: LONG_LOCKED at 185.06500. SL: 185.03197
1778506915.5610752,7,3,185.0659942626953,1.5695124864578247,FSM_7: EXECUTE - Box broken with high RNAI.
1778506915.7607162,7,4,185.0659942626953,1.5950287580490112,FSM_7: Position Active. Moving to MANAGE.
1778507266.329676,7,5,185.07400512695312,-1.057208776473999,FSM_7: Exit condition met (Absorption Exit). Moving to EXIT.
1778507266.460496,7,0,185.07400512695312,-1.0569374561309814,FSM_7: Cleanup complete. Returning to NEUTRAL.
1778507266.6306665,7,1,185.07400512695312,-1.0569374561309814,FSM_7: Initialized to IDLE
1778509901.4062934,2,2,157.06199645996094,1.0912225246429443,FSM_2: LONG_LOCKED at 157.06200. SL: 157.01697
1778509901.7732606,2,1,157.0590057373047,0.9765849709510803,FSM_2: ARMED signal lost. Resetting to IDLE.
1778509902.0149176,2,2,157.05999755859375,1.056077480316162,FSM_2: LONG_LOCKED at 157.06200. SL: 157.01697
1778509902.6249566,2,1,157.052001953125,0.665331244468689,FSM_2: ARMED signal lost. Resetting to IDLE.
1778509903.1865945,2,2,157.05999755859375,1.0549488067626953,FSM_2: LONG_LOCKED at 157.06200. SL: 157.01697
1778509904.9959867,2,1,157.05599975585938,0.9964399933815002,FSM_2: ARMED signal lost. Resetting to IDLE.
1778509905.6149805,2,2,157.05799865722656,1.133970022201538,FSM_2: LONG_LOCKED at 157.06200. SL: 157.01697
1778509906.0317326,2,1,157.05299377441406,0.9510149955749512,FSM_2: ARMED signal lost. Resetting to IDLE.
1778509906.6063385,2,2,157.0570068359375,1.2207200527191162,FSM_2: LONG_LOCKED at 157.06200. SL: 157.01697
1778509918.6176262,2,1,157.04800415039062,0.9628474712371826,FSM_2: ARMED signal lost. Resetting to IDLE.
1778509919.068927,2,2,157.0489959716797,1.0504000186920166,FSM_2: LONG_LOCKED at 157.06200. SL: 157.01697
1778509919.4379876,2,1,157.04800415039062,0.9818875193595886,FSM_2: ARMED signal lost. Resetting to IDLE.
1778509920.0863686,2,2,157.0489959716797,1.071142554283142,FSM_2: LONG_LOCKED at 157.06200. SL: 157.01697
1778509920.2376475,2,1,157.0489959716797,0.9645412564277649,FSM_2: ARMED signal lost. Resetting to IDLE.
1778509929.5117598,2,2,157.08299255371094,1.0806200504302979,FSM_2: LONG_LOCKED at 157.08299. SL: 157.03497
1778509931.1797051,2,3,157.08399963378906,1.2072937488555908,FSM_2: EXECUTE - Box broken with high RNAI.
1778509931.3659651,2,4,157.08799743652344,1.4482362270355225,FSM_2: Position Active. Moving to MANAGE.
1778510151.6921396,2,5,157.05799865722656,-1.0163525342941284,FSM_2: Exit condition met (Absorption Exit). Moving to EXIT.
1778510151.8292365,2,0,157.05799865722656,-1.058266282081604,FSM_2: Cleanup complete. Returning to NEUTRAL.
1778510151.9935126,2,1,157.05799865722656,-1.058266282081604,FSM_2: Initialized to IDLE
1778510188.5758598,7,2,185.08299255371094,-1.4066262245178223,FSM_7: SHORT_LOCKED at 185.08299. SL: 185.11403
1778510189.3355844,7,3,185.07899475097656,-1.6808274984359741,FSM_7: EXECUTE - Box broken with high RNAI.
1778510189.5366585,7,4,185.0780029296875,-1.7728275060653687,FSM_7: Position Active. Moving to MANAGE.
1778510197.8587573,2,2,157.07699584960938,1.1317787170410156,FSM_2: LONG_LOCKED at 157.08600. SL: 157.04597
1778510198.2270432,2,1,157.072998046875,0.9754250049591064,FSM_2: ARMED signal lost. Resetting to IDLE.
1778510270.71493,2,2,157.0449981689453,-1.0266474485397339,FSM_2: SHORT_LOCKED at 157.04500. SL: 157.07703
1778510271.8652658,2,3,157.04400634765625,-1.1369712352752686,FSM_2: EXECUTE - Box broken with high RNAI.
1778510272.0705483,2,4,157.04299926757812,-1.1996949911117554,FSM_2: Position Active. Moving to MANAGE.
1778511040.5334787,2,5,157.0780029296875,0.6983699798583984,FSM_2: Exit condition met (SL Hit). Moving to EXIT.
1778511040.7455962,2,0,157.07699584960938,0.6756200194358826,FSM_2: Cleanup complete. Returning to NEUTRAL.
1778511040.919418,2,1,157.07699584960938,0.6755562424659729,FSM_2: Initialized to IDLE
1778511041.8366947,2,2,157.08399963378906,1.0669150352478027,FSM_2: LONG_LOCKED at 157.08400. SL: 157.04797
1778511042.775592,2,3,157.0850067138672,1.136083722114563,FSM_2: EXECUTE - Box broken with high RNAI.
1778511043.0528052,2,4,157.08399963378906,1.1198188066482544,FSM_2: Position Active. Moving to MANAGE.
1778511052.5195217,7,5,185.08299255371094,1.0194936990737915,FSM_7: Exit condition met (Absorption Exit). Moving to EXIT.
1778511052.7380762,7,0,185.08299255371094,1.0196212530136108,FSM_7: Cleanup complete. Returning to NEUTRAL.
1778511052.9039333,7,1,185.08200073242188,0.9645612239837646,FSM_7: Initialized to IDLE
1778511079.614233,7,2,185.0489959716797,-1.0323774814605713,FSM_7: SHORT_LOCKED at 185.04900. SL: 185.08603
1778511080.4898834,7,3,185.04800415039062,-1.0959525108337402,FSM_7: EXECUTE - Box broken with high RNAI.
1778511080.687284,7,4,185.0469970703125,-1.1532412767410278,FSM_7: Position Active. Moving to MANAGE.
1778511092.7958312,2,5,157.0449981689453,-1.029868721961975,FSM_2: Exit condition met (SL Hit). Moving to EXIT.
1778511092.9239826,2,0,157.04600524902344,-1.0133475065231323,FSM_2: Cleanup complete. Returning to NEUTRAL.
1778511093.0980206,2,1,157.0469970703125,-0.9811462759971619,FSM_2: Initialized to IDLE
1778511093.2725458,2,2,157.04600524902344,-1.0313137769699097,FSM_2: SHORT_LOCKED at 157.04500. SL: 157.08504
1778511094.9377847,2,3,157.04400634765625,-1.1353399753570557,FSM_2: EXECUTE - Box broken with high RNAI.
1778511095.148458,2,4,157.0469970703125,-1.0868874788284302,FSM_2: Position Active. Moving to MANAGE.
1778511110.916838,3,2,1.36558997631073,1.0329762697219849,FSM_3: LONG_LOCKED at 1.36570. SL: 1.36511
1778511120.3666606,3,0,1.365530014038086,0.0,FSM_3: CANCEL - Aggression decayed (Exhaustion).
1778511120.5031173,3,1,1.365530014038086,0.0,FSM_3: Initialized to IDLE
1778511274.346344,7,5,185.0229949951172,1.1116524934768677,FSM_7: Exit condition met (Absorption Exit). Moving to EXIT.
1778511274.4874465,7,0,185.02499389648438,1.234375,FSM_7: Cleanup complete. Returning to NEUTRAL.
1778511274.6496263,7,1,185.0240020751953,1.1933900117874146,FSM_7: Initialized to IDLE
1778511288.6133733,2,5,157.02699279785156,1.0071425437927246,FSM_2: Exit condition met (Absorption Exit). Moving to EXIT.
1778511288.7405202,2,0,157.02699279785156,1.0400550365447998,FSM_2: Cleanup complete. Returning to NEUTRAL.
1778511288.9138615,2,1,157.02699279785156,1.039856195449829,FSM_2: Initialized to IDLE
1778511453.874326,7,2,184.9669952392578,-1.4628349542617798,FSM_7: SHORT_LOCKED at 184.96700. SL: 185.03304
1778511454.5591383,7,3,184.96400451660156,-1.6880149841308594,FSM_7: EXECUTE - Box broken with high RNAI.
1778511454.7600229,7,4,184.95399475097656,-2.4510912895202637,FSM_7: Position Active. Moving to MANAGE.
1778511479.7611742,1,2,1.363319993019104,1.0004987716674805,FSM_1: LONG_LOCKED at 1.36361. SL: 1.36291
1778511479.951166,1,1,1.3633099794387817,1.0792649984359741,FSM_1: ARMED signal lost. Resetting to IDLE.
1778511480.1828506,3,2,1.3665900230407715,1.0816837549209595,FSM_3: LONG_LOCKED at 1.36682. SL: 1.36610
1778511480.3566668,3,0,1.366610050201416,0.0,FSM_3: CANCEL - Aggression decayed (Exhaustion).
1778511480.5332274,3,1,1.3666000366210938,-0.0005150000215508044,FSM_3: Initialized to IDLE
1778511497.229446,2,2,156.98199462890625,-1.022613763809204,FSM_2: SHORT_LOCKED at 156.98199. SL: 157.03802
1778511497.9116375,2,3,156.9810028076172,-1.1024887561798096,FSM_2: EXECUTE - Box broken with high RNAI.
1778511498.0968542,2,4,156.98199462890625,-1.0928587913513184,FSM_2: Position Active. Moving to MANAGE.
1778511582.9575763,7,5,184.9530029296875,1.0308512449264526,FSM_7: Exit condition met (Absorption Exit). Moving to EXIT.
1778511583.0810876,7,0,184.93600463867188,-0.4149187505245209,FSM_7: Cleanup complete. Returning to NEUTRAL.
1778511583.246593,7,1,184.9340057373047,-0.600781261920929,FSM_7: Initialized to IDLE
1778511642.828466,2,5,157.01600646972656,1.0638587474822998,FSM_2: Exit condition met (Absorption Exit). Moving to EXIT.
1778511643.09808,2,0,157.02000427246094,1.3484050035476685,FSM_2: Cleanup complete. Returning to NEUTRAL.
1778511643.2604237,2,1,157.02000427246094,1.348118782043457,FSM_2: Initialized to IDLE
1778511719.8401284,2,2,156.98800659179688,-1.7703711986541748,FSM_2: SHORT_LOCKED at 156.98801. SL: 157.02003
1778511720.2940776,2,0,156.99200439453125,-0.002387499902397394,FSM_2: CANCEL - Aggression decayed (Exhaustion).
1778511720.4185805,2,1,156.99200439453125,0.0,FSM_2: Initialized to IDLE
1778511743.2085404,7,2,184.96800231933594,1.2819262742996216,FSM_7: LONG_LOCKED at 184.96800. SL: 184.92596
1778511743.9559612,7,3,184.968994140625,1.3580586910247803,FSM_7: EXECUTE - Box broken with high RNAI.
1778511744.1522584,7,4,184.9669952392578,1.3171087503433228,FSM_7: Position Active. Moving to MANAGE.
1778511867.3088067,7,5,184.99099731445312,-1.0463237762451172,FSM_7: Exit condition met (Absorption Exit). Moving to EXIT.
1778511867.4404166,7,0,184.99200439453125,-1.0315325260162354,FSM_7: Cleanup complete. Returning to NEUTRAL.
1778511867.6097796,7,1,184.99200439453125,-1.0315325260162354,FSM_7: Initialized to IDLE
1778513697.0756197,7,2,184.98399353027344,-1.1140562295913696,FSM_7: SHORT_LOCKED at 184.98399. SL: 185.00903
1778513698.099116,7,1,184.98699951171875,-0.9864262342453003,FSM_7: ARMED signal lost. Resetting to IDLE.
1778514288.4807954,2,2,157.03700256347656,1.0063475370407104,FSM_2: LONG_LOCKED at 157.03700. SL: 157.00697
1778514289.1733735,2,3,157.0449981689453,1.366393804550171,FSM_2: EXECUTE - Box broken with high RNAI.
1778514289.3763392,2,4,157.0500030517578,1.685747504234314,FSM_2: Position Active. Moving to MANAGE.
1778514590.8832657,7,2,184.9720001220703,-1.0251961946487427,FSM_7: SHORT_LOCKED at 184.97099. SL: 184.99902
1778514592.1718357,7,3,184.97000122070312,-1.1478937864303589,FSM_7: EXECUTE - Box broken with high RNAI.
1778514592.3658338,7,4,184.97000122070312,-1.1478163003921509,FSM_7: Position Active. Moving to MANAGE.
1778514912.8411899,7,5,185.00100708007812,0.074754998087883,FSM_7: Exit condition met (SL Hit). Moving to EXIT.
1778514912.9769287,7,0,185.00100708007812,0.074754998087883,FSM_7: Cleanup complete. Returning to NEUTRAL.
1778514913.1437798,7,1,185.00100708007812,0.07469875365495682,FSM_7: Initialized to IDLE
1778516707.4765813,2,4,157.09800720214844,0.001733749988488853,FSM_2: 2R REACHED! SL moved to BE+0.35
1778517718.5468454,7,2,185.02999877929688,-1.307553768157959,FSM_7: SHORT_LOCKED at 185.03000. SL: 185.05003
1778517720.7306721,7,3,185.0260009765625,-1.6156624555587769,FSM_7: EXECUTE - Box broken with high RNAI.
1778517720.9193602,7,4,185.02999877929688,0.0034887499641627073,FSM_7: Position Active. Moving to MANAGE.
1778517820.9464986,7,5,185.02200317382812,1.0536987781524658,FSM_7: Exit condition met (Absorption Exit). Moving to EXIT.
1778517821.071732,7,0,185.01600646972656,0.6444500088691711,FSM_7: Cleanup complete. Returning to NEUTRAL.
1778517821.2351925,7,1,185.01600646972656,0.6444500088691711,FSM_7: Initialized to IDLE
1778517836.6209223,2,5,157.1269989013672,-1.0244262218475342,FSM_2: Exit condition met (Absorption Exit). Moving to EXIT.
1778517836.7731187,2,0,157.125,-1.2116224765777588,FSM_2: Cleanup complete. Returning to NEUTRAL.
1778517837.0389175,2,1,157.12600708007812,-1.1760387420654297,FSM_2: Initialized to IDLE
1778518058.2603536,7,2,185.04100036621094,1.0199300050735474,FSM_7: LONG_LOCKED at 185.04100. SL: 185.01797
1778518059.2584162,7,1,185.0399932861328,0.9846799969673157,FSM_7: ARMED signal lost. Resetting to IDLE.
1778518060.3060706,7,2,185.0489959716797,1.4262137413024902,FSM_7: LONG_LOCKED at 185.04900. SL: 185.01797
1778518065.2328107,7,3,185.0500030517578,1.6362338066101074,FSM_7: EXECUTE - Box broken with high RNAI.
1778518065.420082,7,4,185.0469970703125,1.5203937292099,FSM_7: Position Active. Moving to MANAGE.
1778518546.5853462,7,5,185.01600646972656,-1.078510046005249,FSM_7: Exit condition met (SL Hit). Moving to EXIT.
1778518546.727493,7,0,185.01400756835938,-1.1903325319290161,FSM_7: Cleanup complete. Returning to NEUTRAL.
1778518546.9032812,7,1,185.01300048828125,-1.2593462467193604,FSM_7: Initialized to IDLE
1778518547.093617,7,2,185.01400756835938,-1.2355962991714478,FSM_7: SHORT_LOCKED at 185.01300. SL: 185.04604
1778518547.9612093,7,3,185.01199340820312,-1.3543925285339355,FSM_7: EXECUTE - Box broken with high RNAI.
1778518548.1537564,7,4,185.01199340820312,-1.354483723640442,FSM_7: Position Active. Moving to MANAGE.
1778518731.1659458,7,5,185.02499389648438,1.0031349658966064,FSM_7: Exit condition met (Absorption Exit). Moving to EXIT.
1778518731.315463,7,0,185.02499389648438,1.0031349658966064,FSM_7: Cleanup complete. Returning to NEUTRAL.
1778518731.5840392,7,1,185.02499389648438,1.002982497215271,FSM_7: Initialized to IDLE
1778519083.969294,7,2,185.0500030517578,1.0927599668502808,FSM_7: LONG_LOCKED at 185.05000. SL: 185.01097
1778519085.092466,7,3,185.05099487304688,1.1607837677001953,FSM_7: EXECUTE - Box broken with high RNAI.
1778519085.2936077,7,4,185.05099487304688,1.1556512117385864,FSM_7: Position Active. Moving to MANAGE.
1778519544.9992807,7,5,185.0590057373047,-1.0213099718093872,FSM_7: Exit condition met (Absorption Exit). Moving to EXIT.
1778519545.1229131,7,0,185.0590057373047,-1.0244100093841553,FSM_7: Cleanup complete. Returning to NEUTRAL.
1778519545.2829595,7,1,185.0590057373047,-1.0244437456130981,FSM_7: Initialized to IDLE
1778519545.4551167,7,2,185.05799865722656,-1.0820975303649902,FSM_7: SHORT_LOCKED at 185.05800. SL: 185.09402
1778519547.9530876,7,3,185.0570068359375,-1.1681950092315674,FSM_7: EXECUTE - Box broken with high RNAI.
1778519548.145533,7,4,185.0540008544922,-1.3382188081741333,FSM_7: Position Active. Moving to MANAGE.
1778519694.413549,2,2,157.16299438476562,-1.0163137912750244,FSM_2: SHORT_LOCKED at 157.16299. SL: 157.21103
1778519694.5862327,2,1,157.1649932861328,-0.9177724719047546,FSM_2: ARMED signal lost. Resetting to IDLE.
1778519695.389583,2,2,157.16299438476562,-1.0766587257385254,FSM_2: SHORT_LOCKED at 157.16299. SL: 157.21103
1778519699.5111578,2,3,157.16200256347656,-1.2094712257385254,FSM_2: EXECUTE - Box broken with high RNAI.
1778519699.699321,2,4,157.16299438476562,-1.1409512758255005,FSM_2: Position Active. Moving to MANAGE.
1778523716.4228685,7,5,185.09500122070312,0.3451487421989441,FSM_7: Exit condition met (SL Hit). Moving to EXIT.
1778523716.5465636,7,0,185.09500122070312,0.3451487421989441,FSM_7: Cleanup complete. Returning to NEUTRAL.
1778523716.7095056,7,1,185.09500122070312,0.34515249729156494,FSM_7: Initialized to IDLE
1778523891.9482954,7,2,185.07400512695312,-1.0670462846755981,FSM_7: SHORT_LOCKED at 185.07401. SL: 185.10902
1778523892.1842399,7,1,185.0760040283203,-0.9806249737739563,FSM_7: ARMED signal lost. Resetting to IDLE.
1778526040.7445967,2,5,157.21200561523438,0.21806250512599945,FSM_2: Exit condition met (SL Hit). Moving to EXIT.
1778526040.8650212,2,0,157.21200561523438,0.21806250512599945,FSM_2: Cleanup complete. Returning to NEUTRAL.
1778526041.1145728,2,1,157.21200561523438,0.21068750321865082,FSM_2: Initialized to IDLE
1778529355.6974423,7,2,185.17100524902344,-1.0044599771499634,FSM_7: SHORT_LOCKED at 185.17000. SL: 185.19603
1778529356.867443,7,1,185.1739959716797,-0.8619962334632874,FSM_7: ARMED signal lost. Resetting to IDLE.
1778530312.268723,2,2,157.27000427246094,1.2546662092208862,FSM_2: LONG_LOCKED at 157.27000. SL: 157.22397
1778530312.447913,7,2,185.16900634765625,-1.1446237564086914,FSM_7: SHORT_LOCKED at 185.16901. SL: 185.19904
1778530313.803519,7,3,185.1649932861328,-1.4225775003433228,FSM_7: EXECUTE - Box broken with high RNAI.
1778530314.120395,7,4,185.16900634765625,-1.2735049724578857,FSM_7: Position Active. Moving to MANAGE.
1778530320.3212578,2,0,157.25399780273438,0.0,FSM_2: CANCEL - Aggression decayed (Exhaustion).
1778530320.4445498,2,1,157.25399780273438,0.0,FSM_2: Initialized to IDLE
1778530555.0942264,7,5,185.1999969482422,0.09715375304222107,FSM_7: Exit condition met (SL Hit). Moving to EXIT.
1778530555.2295644,7,0,185.1999969482422,0.09715375304222107,FSM_7: Cleanup complete. Returning to NEUTRAL.
1778530555.3945131,7,1,185.19900512695312,0.06915374845266342,FSM_7: Initialized to IDLE
1778569910.2836502,2,2,157.49400329589844,-2.5883824825286865,FSM_2: SHORT_LOCKED at 157.49400. SL: 157.54803
1778569912.5046558,2,3,157.49200439453125,-2.7391374111175537,FSM_2: EXECUTE - Box broken with high RNAI.
1778569912.7608519,2,4,157.49000549316406,-3.0554676055908203,FSM_2: Position Active. Moving to MANAGE.
1778569914.268491,4,2,0.7216299772262573,1.0102975368499756,FSM_4: LONG_LOCKED at 0.72165. SL: 0.72126
1778569914.4168649,5,2,0.5943700075149536,1.0022474527359009,FSM_5: LONG_LOCKED at 0.59438. SL: 0.59402
1778569914.681258,5,1,0.5943800210952759,0.9965000152587891,FSM_5: ARMED signal lost. Resetting to IDLE.
1778569915.2659523,4,1,0.721589982509613,0.9968812465667725,FSM_4: ARMED signal lost. Resetting to IDLE.
1778570217.6248834,2,5,157.5260009765625,1.0689724683761597,FSM_2: Exit condition met (Absorption Exit). Moving to EXIT.
1778570217.7664938,2,0,157.5290069580078,1.2774724960327148,FSM_2: Cleanup complete. Returning to NEUTRAL.
1778570217.939359,2,1,157.52999877929688,1.3659950494766235,FSM_2: Initialized to IDLE
1778570541.2513778,2,2,157.50900268554688,1.3543187379837036,FSM_2: LONG_LOCKED at 157.50900. SL: 157.45396
1778570541.9504051,2,3,157.50999450683594,1.4096412658691406,FSM_2: EXECUTE - Box broken with high RNAI.
1778570542.1912892,2,4,157.50999450683594,1.4945825338363647,FSM_2: Position Active. Moving to MANAGE.
1778570546.4743116,7,2,185.1179962158203,1.7334949970245361,FSM_7: LONG_LOCKED at 185.11800. SL: 185.04097
1778570547.2026377,7,3,185.11900329589844,1.8064199686050415,FSM_7: EXECUTE - Box broken with high RNAI.
1778570547.4669456,7,4,185.11900329589844,1.8064887523651123,FSM_7: Position Active. Moving to MANAGE.
1778570664.8877304,7,5,185.08399963378906,-1.00299870967865,FSM_7: Exit condition met (Absorption Exit). Moving to EXIT.
1778570665.0543904,7,0,185.08399963378906,-1.00299870967865,FSM_7: Cleanup complete. Returning to NEUTRAL.
1778570665.3149385,7,1,185.08399963378906,-1.00299870967865,FSM_7: Initialized to IDLE
1778570742.183356,2,5,157.46299743652344,-2.1752123832702637,FSM_2: Exit condition met (Absorption Exit). Moving to EXIT.
1778570742.3535335,2,0,157.4669952392578,-2.0108225345611572,FSM_2: Cleanup complete. Returning to NEUTRAL.
1778570742.6710365,2,1,157.46800231933594,-1.9750299453735352,FSM_2: Initialized to IDLE
1778570742.8411062,2,2,157.46800231933594,-1.9750862121582031,FSM_2: SHORT_LOCKED at 157.45700. SL: 157.51903
1778570760.525545,2,0,157.4669952392578,-0.0034837499260902405,FSM_2: CANCEL - Aggression decayed (Exhaustion).
1778570760.6631014,2,1,157.4669952392578,-0.0034837499260902405,FSM_2: Initialized to IDLE
1778570847.0466123,2,2,157.43899536132812,-1.006966233253479,FSM_2: SHORT_LOCKED at 157.41400. SL: 157.50203
1778570849.3092916,2,3,157.40699768066406,-2.5195212364196777,FSM_2: EXECUTE - Box broken with high RNAI.
1778570849.486193,7,2,184.96299743652344,-4.208521366119385,FSM_7: SHORT_LOCKED at 184.96300. SL: 185.09503
1778570849.6895905,2,4,157.41600036621094,-2.2030675411224365,FSM_2: Position Active. Moving to MANAGE.
1778570854.5200603,7,3,184.96099853515625,-5.011348724365234,FSM_7: EXECUTE - Box broken with high RNAI.
1778570854.8855727,7,4,184.9550018310547,-5.613641262054443,FSM_7: Position Active. Moving to MANAGE.
1778570875.1337056,0,2,1.1751099824905396,2.031374931335449,FSM_0: LONG_LOCKED at 1.17532. SL: 1.17494
1778570875.3264806,0,1,1.1750999689102173,2.0684549808502197,FSM_0: ARMED signal lost. Resetting to IDLE.
1778570880.9022434,2,5,157.41600036621094,1.0499999523162842,FSM_2: Exit condition met (Absorption Exit). Moving to EXIT.
1778570881.0800178,2,0,157.41600036621094,2.499999936844688e-06,FSM_2: Cleanup complete. Returning to NEUTRAL.
1778570881.3586543,2,1,157.41600036621094,-6.24999984211172e-06,FSM_2: Initialized to IDLE
1778570916.8378088,7,5,184.99600219726562,1.0420500040054321,FSM_7: Exit condition met (Absorption Exit). Moving to EXIT.
1778570916.9744134,7,0,184.9969940185547,1.1128112077713013,FSM_7: Cleanup complete. Returning to NEUTRAL.
1778570917.1518774,7,1,184.99600219726562,1.0655025243759155,FSM_7: Initialized to IDLE
1778571113.07688,2,2,157.43499755859375,-3.7220213413238525,FSM_2: SHORT_LOCKED at 157.43500. SL: 157.50603
1778571113.183236,7,2,184.97799682617188,-3.2970211505889893,FSM_7: SHORT_LOCKED at 184.97800. SL: 185.04103
1778571120.478199,7,0,184.99200439453125,0.5396124720573425,FSM_7: CANCEL - Aggression decayed (Exhaustion).
1778571120.602732,7,1,184.99200439453125,0.5396124720573425,FSM_7: Initialized to IDLE
1778571120.7790954,2,0,157.4550018310547,-0.0002474999928381294,FSM_2: CANCEL - Aggression decayed (Exhaustion).
1778571120.9814065,2,1,157.45399475097656,-0.002882499946281314,FSM_2: Initialized to IDLE
1778572483.856391,2,2,157.5019989013672,-2.070849895477295,FSM_2: SHORT_LOCKED at 157.50200. SL: 157.57004
1778572485.4639308,2,3,157.5,-2.1957461833953857,FSM_2: EXECUTE - Box broken with high RNAI.
1778572485.69604,2,4,157.5030059814453,-2.3534586429595947,FSM_2: Position Active. Moving to MANAGE.
1778572607.191003,7,2,185.03199768066406,1.3040724992752075,FSM_7: LONG_LOCKED at 185.04300. SL: 184.98798
1778572608.549945,7,1,185.0279998779297,1.036546230316162,FSM_7: ARMED signal lost. Resetting to IDLE.
1778572613.0137463,7,2,185.02999877929688,1.2553050518035889,FSM_7: LONG_LOCKED at 185.04300. SL: 184.98798
1778572613.2097867,7,1,185.0290069580078,1.183555006980896,FSM_7: ARMED signal lost. Resetting to IDLE.
1778572614.220951,7,2,185.02999877929688,1.2833062410354614,FSM_7: LONG_LOCKED at 185.04300. SL: 184.98798
1778572614.79978,7,1,185.0290069580078,1.2005788087844849,FSM_7: ARMED signal lost. Resetting to IDLE.
1778572860.1898544,2,5,157.5189971923828,1.1648362874984741,FSM_2: Exit condition met (Absorption Exit). Moving to EXIT.
1778572860.3840585,2,0,157.5260009765625,1.7643849849700928,FSM_2: Cleanup complete. Returning to NEUTRAL.
1778572860.5950892,2,1,157.52699279785156,0.0,FSM_2: Initialized to IDLE
1778573208.114235,2,2,157.53900146484375,1.3485037088394165,FSM_2: LONG_LOCKED at 157.53900. SL: 157.48997
1778573213.0634618,2,3,157.5399932861328,1.5984013080596924,FSM_2: EXECUTE - Box broken with high RNAI.
1778573213.4285784,2,4,157.54200744628906,1.754794955253601,FSM_2: Position Active. Moving to MANAGE.
1778573338.216601,2,5,157.5260009765625,-1.00535249710083,FSM_2: Exit condition met (Absorption Exit). Moving to EXIT.
1778573338.4475405,2,0,157.5260009765625,-0.9937549829483032,FSM_2: Cleanup complete. Returning to NEUTRAL.
1778573338.7190027,2,1,157.5260009765625,-0.9938437342643738,FSM_2: Initialized to IDLE
1778573443.4639382,2,2,157.54400634765625,1.188735008239746,FSM_2: LONG_LOCKED at 157.54401. SL: 157.50697
1778573444.9693587,2,3,157.5449981689453,1.3893237113952637,FSM_2: EXECUTE - Box broken with high RNAI.
1778573445.1904633,2,4,157.5469970703125,1.4996438026428223,FSM_2: Position Active. Moving to MANAGE.
1778573515.5781283,7,2,185.0469970703125,2.096008777618408,FSM_7: LONG_LOCKED at 185.04700. SL: 184.97298
1778573520.401289,7,0,185.04299926757812,0.0,FSM_7: CANCEL - Aggression decayed (Exhaustion).
1778573520.5788674,7,1,185.04299926757812,0.0,FSM_7: Initialized to IDLE
1778573694.280884,7,2,185.08599853515625,2.54119873046875,FSM_7: LONG_LOCKED at 185.08600. SL: 185.02898
1778573700.6586716,7,0,185.08099365234375,0.0,FSM_7: CANCEL - Aggression decayed (Exhaustion).
1778573700.7961154,7,1,185.08099365234375,0.0,FSM_7: Initialized to IDLE
1778573875.0748518,2,5,157.57400512695312,-1.0519663095474243,FSM_2: Exit condition met (Absorption Exit). Moving to EXIT.
1778573875.241228,2,0,157.572998046875,-1.1600450277328491,FSM_2: Cleanup complete. Returning to NEUTRAL.
1778573875.4226103,2,1,157.572998046875,-1.1600450277328491,FSM_2: Initialized to IDLE
1778573972.6995974,2,2,157.60400390625,1.010925054550171,FSM_2: LONG_LOCKED at 157.60699. SL: 157.55197
1778574000.4520948,2,0,157.6020050048828,-0.2161249965429306,FSM_2: CANCEL - Aggression decayed (Exhaustion).
1778574000.727318,2,1,157.60299682617188,0.0017549999756738544,FSM_2: Initialized to IDLE
1778574118.3163052,7,2,185.14999389648438,2.455199956893921,FSM_7: LONG_LOCKED at 185.14999. SL: 185.08897
1778574123.2539907,7,3,185.1510009765625,2.560575008392334,FSM_7: EXECUTE - Box broken with high RNAI.
1778574123.4772818,7,4,185.1529998779297,0.02419625036418438,FSM_7: Position Active. Moving to MANAGE.
1778574175.5010116,7,5,185.13400268554688,-1.0963025093078613,FSM_7: Exit condition met (Absorption Exit). Moving to EXIT.
1778574175.6414306,7,0,185.13499450683594,-1.044450044631958,FSM_7: Cleanup complete. Returning to NEUTRAL.
1778574175.8396063,7,1,185.13600158691406,-0.9643375277519226,FSM_7: Initialized to IDLE
1778574176.1512516,2,2,157.56100463867188,-3.69323992729187,FSM_2: SHORT_LOCKED at 157.56100. SL: 157.60403
1778574180.3855543,2,0,157.5780029296875,0.0,FSM_2: CANCEL - Aggression decayed (Exhaustion).
1778574180.5201862,2,1,157.5780029296875,0.0,FSM_2: Initialized to IDLE
1778574521.7900405,7,2,185.13299560546875,-1.2942262887954712,FSM_7: SHORT_LOCKED at 185.13300. SL: 185.17203
1778574528.2215939,7,1,185.13999938964844,-1.099542498588562,FSM_7: ARMED signal lost. Resetting to IDLE.
1778575060.9739363,7,2,185.06700134277344,-2.1665737628936768,FSM_7: SHORT_LOCKED at 185.06700. SL: 185.13603
1778575062.769968,7,3,185.06399536132812,-2.5151963233947754,FSM_7: EXECUTE - Box broken with high RNAI.
1778575062.9877968,7,4,185.05999755859375,-2.8398349285125732,FSM_7: Position Active. Moving to MANAGE.
1778575436.9373353,2,2,157.60299682617188,-1.784503698348999,FSM_2: SHORT_LOCKED at 157.60300. SL: 157.65303
1778575440.3574162,2,0,157.61099243164062,0.0,FSM_2: CANCEL - Aggression decayed (Exhaustion).
1778575440.4893527,2,1,157.61099243164062,0.0,FSM_2: Initialized to IDLE
1778575497.7250838,7,5,185.10699462890625,1.0177974700927734,FSM_7: Exit condition met (Absorption Exit). Moving to EXIT.
1778575497.9499185,7,0,185.10800170898438,1.0835686922073364,FSM_7: Cleanup complete. Returning to NEUTRAL.
1778575498.1388023,7,1,185.10800170898438,1.0868186950683594,FSM_7: Initialized to IDLE
1778575499.0363338,2,2,157.64599609375,1.6244362592697144,FSM_2: LONG_LOCKED at 157.65100. SL: 157.60297
1778575499.7003891,2,3,157.65199279785156,1.9182474613189697,FSM_2: EXECUTE - Box broken with high RNAI.
1778575499.9111238,2,4,157.6529998779297,2.002411365509033,FSM_2: Position Active. Moving to MANAGE.
1778575523.77742,2,5,157.61700439453125,-1.0209462642669678,FSM_2: Exit condition met (Absorption Exit). Moving to EXIT.
1778575523.9358673,2,0,157.6009979248047,-1.4695725440979004,FSM_2: Cleanup complete. Returning to NEUTRAL.
1778575524.1282117,2,1,157.6009979248047,-1.4812500476837158,FSM_2: Initialized to IDLE
1778575524.3050396,2,2,157.6020050048828,-1.4837812185287476,FSM_2: SHORT_LOCKED at 157.60100. SL: 157.65404
1778575526.7436113,2,3,157.60000610351562,-1.6594111919403076,FSM_2: EXECUTE - Box broken with high RNAI.
1778575526.965774,2,4,157.5989990234375,-2.0848500728607178,FSM_2: Position Active. Moving to MANAGE.
1778575533.6237593,1,2,1.352679967880249,1.0822374820709229,FSM_1: LONG_LOCKED at 1.35268. SL: 1.35097
1778575536.066231,0,2,1.174649953842163,1.0122687816619873,FSM_0: LONG_LOCKED at 1.17479. SL: 1.17408
1778575536.170684,4,2,0.7219700217247009,1.002348780632019,FSM_4: LONG_LOCKED at 0.72205. SL: 0.72150
1778575536.4403067,5,2,0.594539999961853,1.024801254272461,FSM_5: LONG_LOCKED at 0.59463. SL: 0.59414
1778575537.0545676,5,1,0.5945799946784973,0.9954237341880798,FSM_5: ARMED signal lost. Resetting to IDLE.
1778575537.2382045,4,1,0.7219799757003784,0.9905850291252136,FSM_4: ARMED signal lost. Resetting to IDLE.
1778575537.429399,4,2,0.7219799757003784,1.0028350353240967,FSM_4: LONG_LOCKED at 0.72205. SL: 0.72150
1778575537.668732,0,1,1.174630045890808,0.9415537714958191,FSM_0: ARMED signal lost. Resetting to IDLE.
1778575537.8359163,4,1,0.7219700217247009,0.9330937266349792,FSM_4: ARMED signal lost. Resetting to IDLE.
1778575538.0524285,1,1,1.3522000312805176,0.9998674988746643,FSM_1: ARMED signal lost. Resetting to IDLE.
1778575538.8587537,1,2,1.3522499799728394,1.0510599613189697,FSM_1: LONG_LOCKED at 1.35268. SL: 1.35097
1778575539.4413042,0,2,1.1746900081634521,1.0350974798202515,FSM_0: LONG_LOCKED at 1.17479. SL: 1.17408
1778575539.536033,4,2,0.7219899892807007,1.0222574472427368,FSM_4: LONG_LOCKED at 0.72205. SL: 0.72150
1778575539.7255347,5,2,0.594569981098175,1.014127492904663,FSM_5: LONG_LOCKED at 0.59463. SL: 0.59414
1778575539.9686651,0,1,1.1746699810028076,0.9317349791526794,FSM_0: ARMED signal lost. Resetting to IDLE.
1778575540.1418912,4,1,0.7219799757003784,0.9194049835205078,FSM_4: ARMED signal lost. Resetting to IDLE.
1778575540.4073987,5,1,0.5945600271224976,0.9113349914550781,FSM_5: ARMED signal lost. Resetting to IDLE.
1778575541.8790317,1,1,1.3523499965667725,0.9855499863624573,FSM_1: ARMED signal lost. Resetting to IDLE.
1778575542.2826574,1,2,1.3523499965667725,1.020990014076233,FSM_1: LONG_LOCKED at 1.35268. SL: 1.35097
1778575544.9018302,0,2,1.1746799945831299,1.011408805847168,FSM_0: LONG_LOCKED at 1.17479. SL: 1.17408
1778575545.0546577,4,2,0.7219899892807007,1.008968710899353,FSM_4: LONG_LOCKED at 0.72205. SL: 0.72150
1778575545.3895743,5,2,0.594569981098175,1.0357162952423096,FSM_5: LONG_LOCKED at 0.59463. SL: 0.59414
1778575563.119709,1,3,1.352720022201538,1.3774462938308716,FSM_1: EXECUTE - Box broken with high RNAI.
1778575563.3420055,0,0,1.1745799779891968,-6.625000241911039e-05,FSM_0: CANCEL - Aggression decayed (Exhaustion).
1778575563.480284,1,4,1.3527899980545044,-0.0017962499987334013,FSM_1: Position Active. Moving to MANAGE.
1778575563.6615412,4,0,0.7220500111579895,0.00014375000318977982,FSM_4: CANCEL - Aggression decayed (Exhaustion).
1778575563.8503401,5,0,0.5946800112724304,0.00022375000116880983,FSM_5: CANCEL - Aggression decayed (Exhaustion).
1778575564.0957727,0,1,1.1745500564575195,0.007447499781847,FSM_0: Initialized to IDLE
1778575564.2429056,4,1,0.7220500111579895,0.007987500168383121,FSM_4: Initialized to IDLE
1778575564.427625,5,1,0.5946699976921082,0.008027499541640282,FSM_5: Initialized to IDLE
1778575588.8004196,2,5,157.5989990234375,1.1971337795257568,FSM_2: Exit condition met (Absorption Exit). Moving to EXIT.
1778575588.9471931,2,0,157.59800720214844,1.1484849452972412,FSM_2: Cleanup complete. Returning to NEUTRAL.
1778575589.1451652,2,1,157.59800720214844,1.1485912799835205,FSM_2: Initialized to IDLE
1778577387.6937418,7,2,185.1929931640625,1.0257537364959717,FSM_7: LONG_LOCKED at 185.19600. SL: 185.15897
1778577388.5889635,7,3,185.19900512695312,1.2752562761306763,FSM_7: EXECUTE - Box broken with high RNAI.
1778577388.80811,7,4,185.19200134277344,1.045506238937378,FSM_7: Position Active. Moving to MANAGE.
1778577413.1829183,2,2,157.6529998779297,1.0127137899398804,FSM_2: LONG_LOCKED at 157.66600. SL: 157.63097
1778577415.394542,2,1,157.64700317382812,0.8102474808692932,FSM_2: ARMED signal lost. Resetting to IDLE.
1778577536.4791534,7,5,185.1580047607422,-0.26019999384880066,FSM_7: Exit condition met (SL Hit). Moving to EXIT.
1778577536.632519,7,0,185.1580047607422,-0.26019999384880066,FSM_7: Cleanup complete. Returning to NEUTRAL.
1778577536.8142602,7,1,185.1580047607422,-0.2602837383747101,FSM_7: Initialized to IDLE
1778577754.4394639,7,2,185.1510009765625,-1.0401737689971924,FSM_7: SHORT_LOCKED at 185.15100. SL: 185.18404
1778577755.1016128,7,3,185.1490020751953,-1.132981300354004,FSM_7: EXECUTE - Box broken with high RNAI.
1778577755.3100743,7,4,185.1479949951172,-1.1933900117874146,FSM_7: Position Active. Moving to MANAGE.
1778577899.5916255,7,5,185.16200256347656,1.0843424797058105,FSM_7: Exit condition met (Absorption Exit). Moving to EXIT.
1778577899.7263825,7,0,185.16299438476562,1.1267025470733643,FSM_7: Cleanup complete. Returning to NEUTRAL.
1778577899.9131198,7,1,185.16200256347656,1.081663727760315,FSM_7: Initialized to IDLE
1778578067.88597,7,2,185.1179962158203,-1.0728224515914917,FSM_7: SHORT_LOCKED at 185.11800. SL: 185.15903
1778578068.730796,7,3,185.11700439453125,-1.141010046005249,FSM_7: EXECUTE - Box broken with high RNAI.
1778578068.9505956,7,4,185.11700439453125,-1.1415375471115112,FSM_7: Position Active. Moving to MANAGE.
1778578219.7299788,7,5,185.14199829101562,1.0146750211715698,FSM_7: Exit condition met (Absorption Exit). Moving to EXIT.
1778578219.8857965,7,0,185.14199829101562,1.0146600008010864,FSM_7: Cleanup complete. Returning to NEUTRAL.
1778578220.0669732,7,1,185.14199829101562,1.0079474449157715,FSM_7: Initialized to IDLE
1778578220.245913,7,2,185.14199829101562,1.031846284866333,FSM_7: LONG_LOCKED at 185.14600. SL: 185.10497
1778578222.0188851,7,3,185.14700317382812,1.2987124919891357,FSM_7: EXECUTE - Box broken with high RNAI.
1778578222.223804,7,4,185.14700317382812,1.3871150016784668,FSM_7: Position Active. Moving to MANAGE.
1778578224.336164,2,2,157.58399963378906,-1.0841237306594849,FSM_2: SHORT_LOCKED at 157.58400. SL: 157.62303
1778578224.5589128,2,1,157.59100341796875,-0.7369712591171265,FSM_2: ARMED signal lost. Resetting to IDLE.
1778578225.1447408,2,2,157.5850067138672,-1.1208587884902954,FSM_2: SHORT_LOCKED at 157.58400. SL: 157.62303
1778578225.828488,2,3,157.58099365234375,-1.3646388053894043,FSM_2: EXECUTE - Box broken with high RNAI.
1778578226.194042,2,4,157.572998046875,-1.934098720550537,FSM_2: Position Active. Moving to MANAGE.
1778578239.9193568,7,5,185.10400390625,-0.4741699993610382,FSM_7: Exit condition met (SL Hit). Moving to EXIT.
1778578240.0517437,0,2,1.1749299764633179,1.053228735923767,FSM_0: LONG_LOCKED at 1.17500. SL: 1.17445
1778578240.194592,4,2,0.7221699953079224,1.048548698425293,FSM_4: LONG_LOCKED at 0.72222. SL: 0.72175
1778578240.3811336,5,2,0.5947700142860413,1.0490387678146362,FSM_5: LONG_LOCKED at 0.59481. SL: 0.59431
1778578240.5569572,7,0,185.0989990234375,-0.9622912406921387,FSM_7: Cleanup complete. Returning to NEUTRAL.
1778578240.7748203,7,1,185.0989990234375,-0.9412925243377686,FSM_7: Initialized to IDLE
1778578240.9740365,7,2,185.09800720214844,-1.0596325397491455,FSM_7: SHORT_LOCKED at 185.09801. SL: 185.14903
1778578241.1631489,7,1,185.0989990234375,-0.9709862470626831,FSM_7: ARMED signal lost. Resetting to IDLE.
1778578242.034813,7,2,185.0970001220703,-1.1535062789916992,FSM_7: SHORT_LOCKED at 185.09700. SL: 185.14903
1778578242.8450737,0,1,1.1749399900436401,0.8281487226486206,FSM_0: ARMED signal lost. Resetting to IDLE.
1778578242.9476585,4,1,0.7221400141716003,0.8198087215423584,FSM_4: ARMED signal lost. Resetting to IDLE.
1778578243.120071,5,1,0.5947700142860413,0.8221287727355957,FSM_5: ARMED signal lost. Resetting to IDLE.
1778578243.2940555,7,0,185.10899353027344,-0.0472012497484684,FSM_7: CANCEL - Aggression decayed (Exhaustion).
1778578243.515764,7,1,185.11300659179688,0.3398149907588959,FSM_7: Initialized to IDLE
1778578258.4865396,7,2,185.11900329589844,1.0097274780273438,FSM_7: LONG_LOCKED at 185.14900. SL: 185.09697
1778578260.4908242,7,0,185.1199951171875,7.499999810534064e-06,FSM_7: CANCEL - Aggression decayed (Exhaustion).
1778578260.6207204,7,1,185.1199951171875,7.499999810534064e-06,FSM_7: Initialized to IDLE
1778578315.1751516,2,5,157.59800720214844,1.1014925241470337,FSM_2: Exit condition met (Absorption Exit). Moving to EXIT.
1778578315.3876486,2,0,157.60400390625,1.8769862651824951,FSM_2: Cleanup complete. Returning to NEUTRAL.
1778578315.5624506,2,1,157.60699462890625,2.0638363361358643,FSM_2: Initialized to IDLE
1778578315.8461814,2,2,157.60800170898438,2.1292600631713867,FSM_2: LONG_LOCKED at 157.62300. SL: 157.53996
1778578320.3484015,2,0,157.60800170898438,-0.14499999582767487,FSM_2: CANCEL - Aggression decayed (Exhaustion).
1778578320.5121107,2,1,157.60800170898438,-0.145005002617836,FSM_2: Initialized to IDLE
1778578437.3944082,2,2,157.58099365234375,-1.5020387172698975,FSM_2: SHORT_LOCKED at 157.56700. SL: 157.61304
1778578440.438465,2,0,157.57699584960938,0.0,FSM_2: CANCEL - Aggression decayed (Exhaustion).
1778578440.5795202,2,1,157.57699584960938,0.0,FSM_2: Initialized to IDLE
1778578499.699669,2,2,157.60299682617188,1.4128412008285522,FSM_2: LONG_LOCKED at 157.61301. SL: 157.55096
1778578499.8035731,7,2,185.1479949951172,3.2408411502838135,FSM_7: LONG_LOCKED at 185.14799. SL: 185.10696
1778578500.6675117,7,3,185.1490020751953,3.3574812412261963,FSM_7: EXECUTE - Box broken with high RNAI.
1778578500.8744743,2,0,157.60400390625,-0.00026000000070780516,FSM_2: CANCEL - Aggression decayed (Exhaustion).
1778578501.0146682,7,4,185.14999389648438,0.0017399999778717756,FSM_7: Position Active. Moving to MANAGE.
1778578501.2376494,2,1,157.59100341796875,-0.020576249808073044,FSM_2: Initialized to IDLE
1778578794.2861662,2,2,157.57699584960938,-1.0009249448776245,FSM_2: SHORT_LOCKED at 157.57700. SL: 157.62503
1778578794.3959405,7,5,185.13900756835938,-1.0879249572753906,FSM_7: Exit condition met (Absorption Exit). Moving to EXIT.
1778578794.62273,2,1,157.58299255371094,-0.9828075170516968,FSM_2: ARMED signal lost. Resetting to IDLE.
1778578794.7641373,7,0,185.14500427246094,-0.8988075256347656,FSM_7: Cleanup complete. Returning to NEUTRAL.
1778578795.0230136,2,2,157.58299255371094,-1.0557461977005005,FSM_2: SHORT_LOCKED at 157.57700. SL: 157.62503
1778578795.1615605,7,1,185.14599609375,-0.8837462663650513,FSM_7: Initialized to IDLE
1778578795.3657913,2,1,157.59100341796875,-0.888103723526001,FSM_2: ARMED signal lost. Resetting to IDLE.
1778578795.5446622,2,2,157.58599853515625,-1.0549087524414062,FSM_2: SHORT_LOCKED at 157.57700. SL: 157.62503
1778578800.2908494,2,0,157.58900451660156,0.0,FSM_2: CANCEL - Aggression decayed (Exhaustion).
1778578800.4321275,2,1,157.58900451660156,0.0,FSM_2: Initialized to IDLE
1778578909.7831633,2,2,157.59300231933594,1.0260837078094482,FSM_2: LONG_LOCKED at 157.62300. SL: 157.55698
1778578909.9795396,2,1,157.5919952392578,0.9849587678909302,FSM_2: ARMED signal lost. Resetting to IDLE.
1778578911.826513,2,2,157.5919952392578,1.0145262479782104,FSM_2: LONG_LOCKED at 157.62300. SL: 157.55698
1778578914.6099136,2,1,157.59100341796875,0.9687349796295166,FSM_2: ARMED signal lost. Resetting to IDLE.
1778578914.7983057,2,2,157.5919952392578,1.0433062314987183,FSM_2: LONG_LOCKED at 157.62300. SL: 157.55698
1778578915.181089,2,1,157.59100341796875,0.9966325163841248,FSM_2: ARMED signal lost. Resetting to IDLE.
1778578915.6294196,2,2,157.59100341796875,1.0100075006484985,FSM_2: LONG_LOCKED at 157.62300. SL: 157.55698
1778578916.384367,2,1,157.59100341796875,0.9973262548446655,FSM_2: ARMED signal lost. Resetting to IDLE.
1778578917.1899273,2,2,157.59100341796875,1.0107425451278687,FSM_2: LONG_LOCKED at 157.62300. SL: 157.55698
1778578917.4493587,2,1,157.58999633789062,0.9623525142669678,FSM_2: ARMED signal lost. Resetting to IDLE.
1778578918.426564,2,2,157.59100341796875,1.0254324674606323,FSM_2: LONG_LOCKED at 157.62300. SL: 157.55698
1778578920.445711,2,0,157.59100341796875,-0.013875000178813934,FSM_2: CANCEL - Aggression decayed (Exhaustion).
1778578920.5966818,2,1,157.59100341796875,-0.013875000178813934,FSM_2: Initialized to IDLE
1778581317.5688195,7,2,185.1439971923828,1.1742875576019287,FSM_7: LONG_LOCKED at 185.14400. SL: 185.10597
1778581318.5973256,7,3,185.14500427246094,1.2530962228775024,FSM_7: EXECUTE - Box broken with high RNAI.
1778581318.8468223,7,4,185.14500427246094,1.2386887073516846,FSM_7: Position Active. Moving to MANAGE.
1778581793.7565958,7,5,185.09800720214844,-0.5560899972915649,FSM_7: Exit condition met (SL Hit). Moving to EXIT.
1778581793.8960361,7,0,185.09800720214844,-0.5595712661743164,FSM_7: Cleanup complete. Returning to NEUTRAL.
1778581794.1604176,7,1,185.09800720214844,-0.5595362782478333,FSM_7: Initialized to IDLE
1778581844.843757,7,2,185.07899475097656,-1.0267412662506104,FSM_7: SHORT_LOCKED at 185.07800. SL: 185.12202
1778581846.455268,7,3,185.07699584960938,-1.1764700412750244,FSM_7: EXECUTE - Box broken with high RNAI.
1778581846.672274,7,4,185.0749969482422,-1.3671287298202515,FSM_7: Position Active. Moving to MANAGE.
1778582212.952206,2,2,157.49400329589844,-1.007944941520691,FSM_2: SHORT_LOCKED at 157.49400. SL: 157.53104
1778582213.9537866,2,1,157.49899291992188,-0.8669362664222717,FSM_2: ARMED signal lost. Resetting to IDLE.
1778582215.9798756,2,2,157.4969940185547,-1.0513349771499634,FSM_2: SHORT_LOCKED at 157.49400. SL: 157.53104
1778582220.384417,2,0,157.49899291992188,0.0663750022649765,FSM_2: CANCEL - Aggression decayed (Exhaustion).
1778582220.5177944,2,1,157.49899291992188,0.0663750022649765,FSM_2: Initialized to IDLE
1778582396.3733747,7,5,185.06399536132812,1.0627000331878662,FSM_7: Exit condition met (Absorption Exit). Moving to EXIT.
1778582396.518361,7,0,185.06300354003906,1.0213462114334106,FSM_7: Cleanup complete. Returning to NEUTRAL.
1778582396.7103622,7,1,185.06199645996094,0.97798752784729,FSM_7: Initialized to IDLE
1778582517.3958218,7,2,185.04100036621094,-1.0028712749481201,FSM_7: SHORT_LOCKED at 185.04100. SL: 185.07103
1778582519.213329,7,1,185.04200744628906,-0.9774612784385681,FSM_7: ARMED signal lost. Resetting to IDLE.
1778582520.46473,7,2,185.04200744628906,-1.0666249990463257,FSM_7: SHORT_LOCKED at 185.04100. SL: 185.07103
1778582521.4198742,7,0,185.04100036621094,-1.9999999494757503e-05,FSM_7: CANCEL - Aggression decayed (Exhaustion).
1778582521.5516014,7,1,185.04100036621094,-1.9999999494757503e-05,FSM_7: Initialized to IDLE
1778582628.4704456,7,2,185.00399780273438,-1.2607824802398682,FSM_7: SHORT_LOCKED at 185.00400. SL: 185.07103
1778582631.1258569,7,3,184.99899291992188,-1.6592450141906738,FSM_7: EXECUTE - Box broken with high RNAI.
1778582631.49308,7,4,185.00399780273438,-1.3199050426483154,FSM_7: Position Active. Moving to MANAGE.
1778583753.1597805,2,2,157.58799743652344,1.0431900024414062,FSM_2: LONG_LOCKED at 157.58800. SL: 157.55197
1778583753.8236823,2,3,157.58900451660156,1.095676302909851,FSM_2: EXECUTE - Box broken with high RNAI.
1778583754.056829,2,4,157.58799743652344,1.0703924894332886,FSM_2: Position Active. Moving to MANAGE.
1778584006.5242608,7,5,184.95599365234375,1.00815749168396,FSM_7: Exit condition met (Absorption Exit). Moving to EXIT.
1778584006.6705449,7,0,184.95700073242188,1.1968400478363037,FSM_7: Cleanup complete. Returning to NEUTRAL.
1778584006.8587599,7,1,184.95700073242188,1.1968400478363037,FSM_7: Initialized to IDLE
1778584145.530566,2,5,157.55099487304688,-0.13385625183582306,FSM_2: Exit condition met (SL Hit). Moving to EXIT.
1778584145.6673427,2,0,157.55099487304688,-0.13385625183582306,FSM_2: Cleanup complete. Returning to NEUTRAL.
1778584145.8554986,2,1,157.55099487304688,-0.13384750485420227,FSM_2: Initialized to IDLE
1778584216.167552,2,2,157.5260009765625,-1.0024950504302979,FSM_2: SHORT_LOCKED at 157.51601. SL: 157.58203
1778584219.5682757,2,3,157.51300048828125,-1.8332550525665283,FSM_2: EXECUTE - Box broken with high RNAI.
1778584219.927745,2,4,157.51300048828125,-1.9426312446594238,FSM_2: Position Active. Moving to MANAGE.
1778584315.989982,7,2,184.9929962158203,3.5364086627960205,FSM_7: LONG_LOCKED at 184.99300. SL: 184.95796
1778584316.8123903,7,3,184.99400329589844,3.682187557220459,FSM_7: EXECUTE - Box broken with high RNAI.
1778584317.0390706,7,4,184.9929962158203,3.588552474975586,FSM_7: Position Active. Moving to MANAGE.
1778584371.8671153,2,5,157.54800415039062,1.024918794631958,FSM_2: Exit condition met (Absorption Exit). Moving to EXIT.
1778584372.195151,2,0,157.5489959716797,1.085726261138916,FSM_2: Cleanup complete. Returning to NEUTRAL.
1778584372.3940191,2,1,157.5540008544922,1.3802112340927124,FSM_2: Initialized to IDLE
1778584372.5843549,2,2,157.55299377441406,1.3420212268829346,FSM_2: LONG_LOCKED at 157.55499. SL: 157.50098
1778584380.4897523,2,0,157.5540008544922,0.0,FSM_2: CANCEL - Aggression decayed (Exhaustion).
1778584380.6448855,2,1,157.5540008544922,0.0,FSM_2: Initialized to IDLE
1778588855.381467,0,1,1.174090027809143,-0.019501250237226486,FSM_0: Initialized to IDLE
1778588855.5681741,1,1,1.3524500131607056,-0.016261249780654907,FSM_1: Initialized to IDLE
1778588855.7529132,2,1,157.5989990234375,-0.11121124774217606,FSM_2: Initialized to IDLE
1778588855.9411995,3,1,1.370419979095459,-0.020211249589920044,FSM_3: Initialized to IDLE
1778588856.1320324,4,1,0.7222200036048889,-0.0210612490773201,FSM_4: Initialized to IDLE
1778588856.3175833,5,1,0.5947700142860413,-0.020871249958872795,FSM_5: Initialized to IDLE
1778588856.5010855,6,1,0.781059980392456,-0.021671250462532043,FSM_6: Initialized to IDLE
1778588856.7358148,7,1,185.03500366210938,0.23078875243663788,FSM_7: Initialized to IDLE
